CB,Localisation,Cote,Sous-localisation,Type de document,Titre,Auteur,Editeur,Date de publication,Date de création
*10004133*,LINGOACTU,021 ECO,RESE,DOA,De bibliotheca,Umberto Eco,l'Échoppe,1986,08/03/2007
*154282*,CEVMAG,027 HIS,ADU,DOA,Histoire des bibliothèques françaises,sous la direction d'André Vernet,Promodis - Editions du Cercle de la librairie,impr. 1989,12/09/1994
*154287*,CEVMAG,027 HIS,ADU,DOA,Histoire des bibliothèques françaises,"sous la dir. de Claude Jolly,...",Promodis-Éd. du Cercle de la Librairie,impr. 1988,12/09/1994
*154289*,CEVMAG,027 HIS,ADU,DOA,Histoire des bibliothèques françaises,"sous la dir. de Dominique Varry,...",Promodis-Éd. du Cercle de la librairie,impr. 1991,12/09/1994
*15741206*,CEVMAG,025 GIA,ADU,DOA,Manuel théorique et pratique d'évaluation des bibliothèques et centres documentaires,Thierry Giappiconi,Ed. du Cercle de la Librairie,2001,05/12/2001
*15871901*,CEVADU,027 ECO,BP,DOA,De bibliotheca,Umberto Eco,l'Échoppe,1986,26/09/2001
*17025780*,CEVADU,BP 025 ASS,,DOA,Le métier de bibliothécaire,Association des bibliothécaires français,Éd. du Cercle de la librairie,2003,28/11/2003
*1702580X*,CEVMAG,025 ASS,ADU,DOA,Le métier de bibliothécaire,Association des bibliothécaires français,Éd. du Cercle de la librairie,2003,28/11/2003
*17025822*,CEVADU,BP 025 ASS,,DOA,Le métier de bibliothécaire,Association des bibliothécaires français,Éd. du Cercle de la librairie,2003,28/11/2003
*17025846*,CEVMAG,020 ASS,JEU,DOJ,Le métier de bibliothécaire,Association des bibliothécaires français,Éd. du Cercle de la librairie,2003,28/11/2003
*1702586X*,CEVJEU,J 020 ASS,BP,ORJ,Le métier de bibliothécaire,Association des bibliothécaires français,Éd. du Cercle de la librairie,2003,13/08/2004
*17028225*,CEVADU,002 JAC,,DOA,Les métamorphoses du lecteur,sous la dir. de Christian Jacob,Bibliothèque nationale de France,2002,22/03/2005
*17028531*,ELSADU,025 ASS,,DOA,Le métier de bibliothécaire,Association des bibliothécaires français,Éd. du Cercle de la librairie,2003,28/11/2003
*17307992*,CEVADU,021 MEL,,DOA,La sagesse du bibliothécaire,Michel Melot,l'Oeil neuf éd.,2004,28/01/2005
*17324545*,CEVMAG,027 FAV,ADU,DOA,La mémoire de l'État,Lucie Favier,Fayard,2004,26/09/2009
*17479084*,NDFADU,023 GAU,BP,ORA,Une République documentaire,Jean-Luc Gautier-Gentès,Bibliothèque publique d'information-Centre Pompidou,2004,21/06/2005
*17549356*,CROADU,BP 025 ASS,,DOA,Le métier de bibliothécaire,Association des bibliothécaires français,Éd. du Cercle de la librairie,2003,06/07/2004
*1755692X*,NDFADU,801 MEL,,DOA,La sagesse du bibliothécaire,Michel Melot,l'Oeil neuf éd.,2004,04/08/2004
*17556931*,RBSJEU,021 MEL,BP,DOA,La sagesse du bibliothécaire,Michel Melot,l'Oeil neuf éd.,2004,04/08/2004
*17590860*,CEVADU,023 BIB,BP,DOA,"Bibliothécaire, quel métier ?",sous la dir. de Bertrand Calenge,Éd. du Cercle de la librairie,2004,01/09/2004
*17633402*,RBSJEU,023 BIB,BP,DOA,"Bibliothécaire, quel métier ?",sous la dir. de Bertrand Calenge,Éd. du Cercle de la librairie,2004,28/10/2004
*1769120X*,CEVMAG,023 BIB,ADU,DOA,"Bibliothécaire, quel métier ?",sous la dir. de Bertrand Calenge,Éd. du Cercle de la librairie,2004,06/01/2005
*1769797X*,CEVJEU,J 023 BIB,BP,ORJ,"Bibliothécaire, quel métier ?",sous la dir. de Bertrand Calenge,Éd. du Cercle de la librairie,2004,13/01/2005
*17800887*,NDFADU,004.6 BON,,ORA,Le guide des forums francophones 2006,Jean-Christophe Bonalair,Micro application,2005,30/06/2005
*17923602*,CEVMAG,023 BIB,ADU,DOA,"Bibliothécaire, quel métier ?",sous la dir. de Bertrand Calenge,Éd. du Cercle de la librairie,2004,24/01/2006
*18035229*,CEVMAG,BP 020 RIC,ADU,DOA,Bibliothéconomie populaire,Noë Richter,Société d'histoire de la lecture,2005,14/12/2005
*18485539*,CTKACTU,021 MEL,BP,FORM,La sagesse du bibliothécaire,Michel Melot,l'Oeil neuf éd.,2004,14/02/2007
*18817498*,CROADU,352.6 THI,,DOA,Assistant territorial (qualifié) de conservation du patrimoine et des bibliothèques,"Jean-Yves Thiébault, Françoise Thiébault-Roger",Vuibert,2007,14/09/2007
*193576*,CEVMAG,027 HIS,ADU,DOA,Histoire des bibliothèques françaises,"sous la dir. de Martine Poulain,...",Promodis-Éd. du Cercle de la librairie,impr. 1992,12/09/1994
*19492061*,CTKACTU,020 NUM,BP,FORM,Numériser et mettre en ligne,sous la direction de Thierry Claerr et Isabelle Westeel,Presses de l'ENSSIB,2010,24/09/2010
*19895247*,MEIADU,BP 026 ASS,,ORA,Le métier de bibliothécaire,Association des bibliothécaires de France,Éd. du Cercle de la librairie,2010,29/04/2010
*19895259*,CEVADU,026 MET,,DOA,Le métier de bibliothécaire,Association des bibliothécaires de France,Éd. du Cercle de la librairie,2010,28/04/2010
*19943112*,CTKACTU,027 BON,BP,FORM,Des bibliothèques pleines de fantômes,Jacques Bonnet,Denoel,2008,20/02/2009
*19943124*,HTAADU,027 BON,,DOA,Des bibliothèques pleines de fantômes,Jacques Bonnet,Denoel,2008,20/02/2009
*19945237*,CTKACTU,001.2 DIC,BP,FORM,Dictionnaire de l'information,directeur du comité de rédaction Serge Cacaly,A. Colin,2008,11/12/2008
*20452413*,CROADU,026 MET,BP,DOA,Le métier de bibliothécaire,Association des bibliothécaires de France,Éd. du Cercle de la librairie,2010,27/04/2011
*20757869*,CEVMAG,026 MET,ADU,DOA,Le métier de bibliothécaire,Association des bibliothécaires de France,Éd. du Cercle de la librairie,2010,18/11/2010
*20840401*,CEVADU,028 MAN,,DOA,Manuel de la numérisation,sous la direction de Thierry Claerr et Isabelle Westeel,Éd. du Cercle de la librairie,2011,17/02/2012
*21013023*,NEHADU,026 MET,,DOA,Le métier de bibliothécaire,Association des bibliothécaires de France,Éd. du Cercle de la librairie,2010,17/08/2010
*211364612*,CEVJEU,028.5 PAT,,DOJ,Laissez-les lire !,Geneviève Patte,Editions ouvrières,1978,14/02/2003
*211364614*,CEVMAG,028.5 PAT,JEU,DOJ,Laissez-les lire !,Geneviève Patte,Editions ouvrières,1978,12/09/1994
*21269152*,MEIADU,801 WEI,,DOA,La magie des grimoires,Nicolas Weill-Parot,Transboréal,2009,10/02/2012
*21513236*,CEVADU,801 WEI,,DOA,La magie des grimoires,Nicolas Weill-Parot,Transboréal,2009,17/02/2012
*21626786*,CTKACTU,020 LED,BP,FORM,La formation aux cultures numériques,Olivier Le Deuff,Fyp éditions,2011,28/05/2013
*22002758*,CTKACTU,020 VAI,,FORM,Préparer le concours de bibliothécaire,"Clotilde Vaissaire-Agard, Françoise Quaire, Alain Patez",Éd. Klog,2013,13/12/2013
*22061556*,CTKACTU,025 ASS,BP,FORM,Le métier de bibliothécaire,Association des bibliothécaires de France,Éd. du Cercle de la librairie,2013,29/11/2013
*22061581*,CTKACTU,025 ASS,BP,FORM,Le métier de bibliothécaire,Association des bibliothécaires de France,Éd. du Cercle de la librairie,2013,29/11/2013
*22359172*,CTKACTU,027 STA,BP,FORM,Crépuscule des bibliothèques,Virgile Stark,les Belles lettres,2015,27/05/2015
*22401232*,NDFADU,020 DOC,,PEA,I2D,,ADBS,,09/07/2015
*2258878X*,NDFADU,020 DOC,,PEA,I2D,,ADBS,,07/04/2015
*22590046*,NDFADU,020 DOC,,PEA,I2D,,ADBS,,07/01/2015
*4489255*,CEVJEU,,,ORJ,Le Métier de bibliothécaire,Association des bibliothécaires français,Promodis,1989,19/04/1995
*7967633*,CEVMAG,BP 028 PET,ADU,DOA,De la bibliothèque au droit de cité,"Michèle Petit, Chantal Balley, Raymonde Ladefroux","Bibliothèque publique d'information, Centre Georges-Pompidou",1996,09/06/1998
*880850044876*,ILLKDOC,020 POI,,ORA,Concours de recrutement de bibliothécaires,"Ministère de l'éducation nationale, de l'enseignement supérieur et de la recherche, École nationale supérieure des sciences de l'information et des bibliothèques",Presses de l'ENSSIB,2005,01/06/2007
*88085006822X*,ILLKDOC,020.92 SIB,BIBPRO,DOA,Mémoires d'une bibliothécaire,Brigitte Sibertin-Blanc Durand,"Confluences, les Amis de la bibliothèque municipale de Compiègne",2004,14/12/2006
,,,,,,,Société historique de Compiègne,,
*880850166508*,ILLKDOC,A 020 JOM,,DVDAD,"L'Ill aux livres, notes d'un voyage dans la Bibliothèque Nationale et Universitaire de Strasbourg",Réalisé par Alain Jomy,Le meilleur des mondes productions,2004,31/10/2007
*880850196517*,ILLKDOC,352.63 THI,,DOA,Concours d'assistant territorial (qualifié) de conservation du patrimoine et des bibliothèques,"Jean-Yves Thiébault, Françoise Thiébault-Roger",Vuibert,2005,20/09/2006
*880850302291*,ILLKDOC,944.081 6 COE,,DOA,La mémoire spoliée,Sophie Coeuré,Payot,2006,31/12/2009
*880850339319*,ILLKDOC,025 CAL,,DOA,"Bibliothécaire, quel métier ?",sous la dir. de Bertrand Calenge,Éd. du Cercle de la librairie,2004,02/07/2009
*88085036089X*,ILLKDOC,025 MET,,DOA,Le métier de bibliothécaire,Association des bibliothécaires de France,Éd. du Cercle de la librairie,2010,13/12/2012
*880850475137*,ILLKDOC,020 BON,CAVERNE,DOA,Des bibliothèques pleines de fantômes,Jacques Bonnet,Denoel,2008,14/01/2009
*880850498010*,ILLKDOC,020 CHA,BIBPRO,DOA,Document et numérisation,Jacques Chaumier,ADBS éd.,2006,10/10/2009
*880850503477*,ILLKDOC,020 ALI,SALLE,DOA,Le métier de bibliothécaire,Association des bibliothécaires de France,Éd. du Cercle de la librairie,2010,31/08/2010
*880850892731*,ILLKDOC,020 WEI,,DOA,La magie des grimoires,Nicolas Weill-Parot,Transboréal,2009,20/09/2013
*880860028226*,AUSTFORM,FP 010 BLA,,FORM,Sciences de l'information et philosophie,Marie-France Blanquet,ADBS,1997,30/07/2007
*880860028238*,AUSTFORM,FP 010 DIC,,FORM,Dictionnaire de l'information,"comité de réd., Yves Le Coadic, Paul-Dominique Pomart, Eric Sutter",A. Colin,2004,30/07/2007
*880860028250*,AUSTFORM,FP 010 VOC,,FORM,Vocabulaire de la documentation,INTD-ER...,ADBS éd.,2004,30/07/2007
*880860028274*,AUSTFORM,FP 384.3 CAT B,,FORM,Concours d'assistant territorial (qualifié) de conservation du patrimoine et des bibliothèques,"Jean-Yves Thiébault, Françoise Thiébault-Roger",Vuibert,2005,30/07/2007
*880860407479*,AUSTSOCI,020 PAS,,DOA,Passion(s) et collections,colloque organisé par l'Agence Rhône-Alpes pour le livre et la documentation , la Bibliothèque municipale de Chambéry , la Fédération française de coopération entre bibliothèques,FFCB
,,,,,,,ARALD,,
,,,,,,,Bibliothèque municipale de Chambéry,,
*880860421785*,AUSTFORM,FP 020 FAV,,FORM,Les archives,Jean Favier,Presses universitaires de France,2001,30/07/2007
*880860425691*,AUSTSOCI,302.2 LEC,,DOA,La science de l'information,Yves-François Le Coadic,Presses universitaires de France,2004,15/06/2007
*880860427743*,AUSTSOCI,302.2 MUC,,DOA,Les sciences de l'information et de la communication,"Alex Mucchielli,...",Hachette,2001,16/11/2007
*880860610309*,AUSTFORM,FP 020 HIS/3,,FORM,Histoire des bibliothèques françaises,"sous la dir. de Dominique Varry,...",Promodis-Éd. du Cercle de la librairie,impr. 1991,30/07/2007
*880860610333*,AUSTFORM,FP 020 HIS/1,,FORM,Histoire des bibliothèques françaises,sous la direction d'André Vernet,Promodis - Editions du Cercle de la librairie,impr. 1989,30/07/2007
*88086085368X*,AUSTSOCI,020 MAR,,DVDAD,D'Angers à Beni Ayatt,Réalisé par Nathalie Marcault,Plan Large,2001,10/06/2008
,,,,,,,France 3 Ouest,,
,,,,,,,TV10 Angers,,
*880860959360*,AUSTSOCI,020 MEL,,DOA,La sagesse du bibliothécaire,Michel Melot,l'Oeil neuf éd.,2004,29/03/2007
*880860959564*,AUSTSOCI,020 LAU,,DOA,"L'utopie Beaubourg, vingt ans après",Jean Lauxerois,"Bibliothèque publique d'information, Centre Georges-Pompidou",1996,30/05/2007
*880860959588*,AUSTSOCI,020 BIB,,DOA,De la bibliothèque au droit de cité,"Michèle Petit, Chantal Balley, Raymonde Ladefroux","Bibliothèque publique d'information, Centre Georges-Pompidou",1996,30/05/2007
*880860970039*,AUSTSOCI,944.8 COE,,DOA,La mémoire spoliée,Sophie Coeuré,Payot,2006,23/05/2007
*880861229121*,AUSTFORM,FP 010 COM,,FORM,Histoire de l'information scientifique et technique,Martine Comberousse,Armand Colin,2005,30/07/2007
*880861229247*,AUSTFORM,FP 024 SUT,,FORM,Le management de l'information,Éric Sutter,ADBS éd.,2005,30/07/2007
*880861229283*,AUSTFORM,FP 027 CHA,,FORM,Document et numérisation,Jacques Chaumier,ADBS éd.,2006,30/07/2007
*880861342412*,AUSTACTU,020 CAC,,ORA,Dictionnaire de l'information,"comité de réd., Yves Le Coadic, Paul-Dominique Pomart, Eric Sutter",A. Colin,2004,08/01/2008
*880861369698*,AUSTSOCI,020 GAU,,DOA,Une République documentaire,Jean-Luc Gautier-Gentès,Bibliothèque publique d'information-Centre Pompidou,2004,06/05/2009
*880861497823*,AUSTACTU,020 BOU,,ORA,Vocabulaire de la documentation,INTD-ER...,ADBS éd.,2004,23/01/2008
*880861545838*,AUSTSOCI,020 ECO,,DOA,De bibliotheca,Umberto Eco,l'Échoppe,1986,12/07/2007
*88086155608X*,AUSTSOCI,020 MET,,DOA,Le métier de bibliothécaire,Association des bibliothécaires français,Éd. du Cercle de la librairie,2003,17/07/2007
*880861562481*,AUSTSOCI,020 BIB,,DOA,"Bibliothécaire, quel métier ?",sous la dir. de Bertrand Calenge,Éd. du Cercle de la librairie,2004,10/04/2007
*880861565207*,AUSTSOCI,020 HIS/2,,DOA,Histoire des bibliothèques françaises,"sous la dir. de Claude Jolly,...",Promodis-Éd. du Cercle de la Librairie,impr. 1988,11/04/2007
*880861565219*,AUSTSOCI,020 HIS/3,,DOA,Histoire des bibliothèques françaises,"sous la dir. de Dominique Varry,...",Promodis-Éd. du Cercle de la librairie,impr. 1991,11/04/2007
*880861565220*,AUSTSOCI,020 HIS/4,,DOA,Histoire des bibliothèques françaises,"sous la dir. de Martine Poulain,...",Promodis-Éd. du Cercle de la librairie,impr. 1992,11/04/2007
*880861577589*,AUSTSOCI,020 POL,,DOA,La grande numérisation,Lucien X. Polastron,Denoel,2006,12/07/2007
*880861585929*,AUSTSOCI,020 DIM,,DOA,Dimensions sociales du document,dossier coordonné par Caroline Courbières et Gérard Régimbeau,Presses universitaires du Mirail,2006,31/07/2007
*880861585954*,AUSTFORM,FP 026 COU,,FORM,La couverture ne fait pas le livre !,"Ronni Abergel, Antje Rothemund, Gavan Titley, Péter Wootsch",Conseil de l'Europe,2006,12/07/2007
*880861586039*,AUSTFORM,FP 027.5 DOC,,FORM,Document numérique et société,sous la direction de Ghislaine Chartron et Évelyne Broudoux,ADBS éd.,2006,30/07/2007
*880861643401*,AUSTACTU,020 BON,,ORA,Des bibliothèques pleines de fantômes,Jacques Bonnet,Denoel,2008,15/04/2009
*880861643883*,AUSTSOCI,025 DIC,,DOA,Dictionnaire de l'information,directeur du comité de rédaction Serge Cacaly,A. Colin,2008,27/12/2008
*88086164442X*,AUSTSOCI,384.3 COM,,DOA,Préparer et réussir le CAPES de documentation,"Jean Michel Bazin, Magali Danner, Claude Morizio",De Boeck,2008,08/01/2009
*880861705671*,AUSTFORM,FP 020 IMA,,FORM,Imaginaire de la bibliothèque,[Bibliothèque nationale de France],Bibliothèque nationale de France,impr. 2003,27/07/2007
*880861707302*,AUSTFORM,FP 020 MET,,FORM,Le métier de bibliothécaire,Association des bibliothécaires français,Éd. du Cercle de la librairie,2003,30/07/2007
*880861711333*,AUSTSOCI,020 HIS/1,,DOA,Histoire des bibliothèques françaises,sous la direction d'André Vernet,Promodis - Editions du Cercle de la librairie,impr. 1989,12/07/2007
*880861712567*,AUSTFORM,FP 020 HIS/4,,FORM,Histoire des bibliothèques françaises,"sous la dir. de Martine Poulain,...",Promodis-Éd. du Cercle de la librairie,impr. 1992,30/07/2007
*880861712580*,AUSTFORM,FP 020 HIS/2,,FORM,Histoire des bibliothèques françaises,"sous la dir. de Claude Jolly,...",Promodis-Éd. du Cercle de la Librairie,impr. 1988,30/07/2007
*880861716618*,AUSTALSA,A 070 JOM,,DVDAD,"L'Ill aux livres, notes d'un voyage dans la Bibliothèque Nationale et Universitaire de Strasbourg",Réalisé par Alain Jomy,Le meilleur des mondes productions,2004,25/10/2007
*880861740693*,AUSTFORM,FP 020 MET,,FORM,Le métier de bibliothécaire,Association des bibliothécaires français,Éd. du Cercle de la librairie,2003,11/09/2007
*880861758209*,AUSTFORM,FP 025 MET,,FORM,Le métier de bibliothécaire,Association des bibliothécaires français,Éd. du Cercle de la librairie,2003,05/11/2007
*880861760699*,AUSTFORM,FP 026 CUL,,FORM,Culture et handicap,"Ministère de la culture et de la communication, [Commission nationale Culture-handicap]",Ministère de la culture et de la communication,2007,13/11/2007
*880861760843*,AUSTFORM,FP 025 BIB,,FORM,"Bibliothécaire, quel métier ?",sous la dir. de Bertrand Calenge,Éd. du Cercle de la librairie,2004,08/11/2007
*880861797753*,AUSTALSA,A 070 FON,,DOA,Le fonds Nathan Katz à la Bibliothèque nationale et universitaire de Strasbourg,,Bibliothèque nationale et universitaire de Strasbourg,2004,27/03/2009
*88086188918X*,AUSTPAT,028 ALE,TPAT,ORA,Les métamorphoses du lecteur,sous la dir. de Christian Jacob,Bibliothèque nationale de France,2002,25/07/2009
*880861961747*,AUSTFORM,FP 010 DIC,,FORM,Dictionnaire de l'information,directeur du comité de rédaction Serge Cacaly,A. Colin,2008,20/11/2008
*880861970643*,AUSTFORM,FP 384.3 CAT B,,FORM,"Bibliothécaire adjoint spécialisé, BAS","Valérie Caron, Laurent Dierckens",Vuibert,2007,04/12/2008
*88086199657X*,AUSTPAT,017 FON,UPAT,ORA,Le fonds Nathan Katz à la Bibliothèque nationale et universitaire de Strasbourg,,Bibliothèque nationale et universitaire de Strasbourg,2004,26/06/2009
*880862017499*,AUSTSOCI,020 WEI,,DOA,La magie des grimoires,Nicolas Weill-Parot,Transboréal,2009,06/10/2010
*880862045221*,AUSTFORM,FP 020 INT,,FORM,Introduction aux sciences de l'information,sous la direction de Jean-Michel Salaün et de Clément Arsenault,Les Presses universitaires de Montréal,2009,25/11/2010
,,,,,,,La Découverte,,
*880862045413*,AUSTFORM,FP 020 MET,,FORM,Le métier de bibliothécaire,Association des bibliothécaires de France,Éd. du Cercle de la librairie,2010,18/11/2010
*880862045425*,AUSTFORM,FP 025 MET,,FORM,Le métier de bibliothécaire,Association des bibliothécaires de France,Éd. du Cercle de la librairie,2010,18/11/2010
*880862045450*,AUSTFORM,FP 027 PAP,,FORM,Technodocumentation,Fabrice Papy,Hermès science publications-Lavoisier,2009,25/11/2010
*880862050106*,AUSTFORM,FP 384.3 COM,,FORM,"Bibliothécaire adjoint spécialisé, BAS","Valérie Caron, Laurent Dierckens",Vuibert,2010,25/11/2010
*880862050118*,AUSTFORM,FP 384.3 COM,,FORM,"Bibliothécaire adjoint spécialisé, BAS","Valérie Caron, Laurent Dierckens",Vuibert,2010,25/11/2010
*880862074965*,AUSTPAT,028 RIC,TPAT,ORA,Les manufacturiers et la lecture,Richter,Société d'histoire de la lecture,2000,09/08/2011
*880862094653*,AUSTFORM,FP 027 MAN,,FORM,Manuel de la numérisation,sous la direction de Thierry Claerr et Isabelle Westeel,Éd. du Cercle de la librairie,2011,10/06/2011
*880862164367*,AUSTSOCI,020 MET,,DOA,Le métier de bibliothécaire,Association des bibliothécaires de France,Éd. du Cercle de la librairie,2010,16/06/2010
*880862166853*,AUSTSOCI,384.3 COM,,DOA,Assistant territorial (qualifié) de conservation du patrimoine et des bibliothèques,"Jean-Yves Thiébault, Françoise Thiébault-Roger",Vuibert,2010,07/05/2010
*880862180111*,AUSTFORM,FP 025 MET,,FORM,Le métier de bibliothécaire,Association des bibliothécaires de France,Éd. du Cercle de la librairie,2010,01/07/2010
*880862180123*,AUSTFORM,FP 020 MET,,FORM,Le métier de bibliothécaire,Association des bibliothécaires de France,Éd. du Cercle de la librairie,2010,01/07/2010
*880862180135*,AUSTFORM,FP 027 NUM,,FORM,Numériser et mettre en ligne,sous la direction de Thierry Claerr et Isabelle Westeel,Presses de l'ENSSIB,2010,22/07/2010
*880862304361*,AUSTPAT,027 FAV,TPAT,ORA,La mémoire de l'État,Lucie Favier,Fayard,2004,01/12/2010
*880862350535*,AUSTFORM,FP 020 VAL,,FORM,La valorisation des archives,"édition Françoise Hiraux, Françoise Mirguet",Editions Academia,2012,26/04/2013
*880862364728*,AUSTPAT,027 IMA,TPAT,ORA,Imaginaire de la bibliothèque,[Bibliothèque nationale de France],Bibliothèque nationale de France,impr. 2003,28/10/2014
*880862465728*,AUSTFORM,FP 010 COR,,FORM,Dictionnaire d'initiation à l'info-com,"Laurence Corroy,... Jacques Gonnet,...",Vuibert,2008,04/11/2009
*880862526012*,AUSTSOCI,020 BON,,DOA,Des bibliothèques pleines de fantômes,Jacques Bonnet,Denoel,2008,21/04/2009
*880862727349*,AUSTFORM,FP 384.3 CAT B,,FORM,Assistant territorial (qualifié) de conservation du patrimoine et des bibliothèques,"Jean-Yves Thiébault, Françoise Thiébault-Roger",Vuibert,2010,02/09/2010
*880862727350*,AUSTFORM,FP 384.3 COM,,FORM,Assistant territorial (qualifié) de conservation du patrimoine et des bibliothèques,"Jean-Yves Thiébault, Françoise Thiébault-Roger",Vuibert,2010,02/09/2010
*880862845622*,AUSTSOCI,020 MAN,,DOA,Manuel de la numérisation,sous la direction de Thierry Claerr et Isabelle Westeel,Éd. du Cercle de la librairie,2011,09/07/2011
*880862846778*,AUSTSOCI,302.2 GER,,DOA,Dictionnaire de la désinformation,François Géré,A. Colin,2011,06/07/2011
*880862878432*,AUSTSOCI,384.3 COM,,DOA,Préparer le concours de chargé d'études documentaires,"Clotilde Vaissaire-Agard, Françoise Quaire",Éd. Klog,2011,18/10/2011
*880863005273*,AUSTFORM,FP 384.3 CAT C,,FORM,Adjoint territorial du patrimoine,Jérôme Brunet,Vuibert,2011,23/11/2011
*880863005285*,AUSTFORM,FP 384.3 CAT C,,FORM,Adjoint territorial du patrimoine,Jérôme Brunet,Vuibert,2011,23/11/2011
*880863010248*,AUSTFORM,FP 020 COE,,FORM,Les archives,Sophie Coeuré et Vincent Duclert,la Découverte,2011,24/11/2011
*880863076613*,AUSTSOCI,025 PET,,DOA,Itinéraire d'une bibliothécaire,"Catherine Petit, Martine Bosshardt",l'Harmattan,2012,20/07/2012
*880863077348*,AUSTFORM,FP 027 CHE,,FORM,Stratégies numériques,Emmanuelle Chevry,Hermès science publications-Lavoisier,2011,26/10/2012
*880863078890*,AUSTSOCI,020 PRO,,DOA,Les professeurs documentalistes,coordonné par Michèle Briziou,CRDP d'Orléans,2011,20/07/2012
,,,,,,,Scéren,2011,
*880863124064*,AUSTSOCI,384.3 COM,,DOA,Assistant des bibliothèques,Jérôme Brunet,Vuibert,2010,08/12/2010
*880863124105*,AUSTSOCI,384.3 COM,,DOA,"Bibliothécaire adjoint spécialisé, BAS","Valérie Caron, Laurent Dierckens",Vuibert,2010,08/12/2010
*88086316943X*,AUSTFORM,FP 384.3 COM,,FORM,Assistant des bibliothèques,Jérôme Brunet,Vuibert,2010,03/05/2011
*880863169465*,AUSTFORM,FP 384.3 CAT B,,FORM,Assistant des bibliothèques,Jérôme Brunet,Vuibert,2010,04/05/2011
*88086319682X*,AUSTFORM,FP 384.3 COM,,FORM,Préparer le concours de chargé d'études documentaires,"Clotilde Vaissaire-Agard, Françoise Quaire",Éd. Klog,2011,21/09/2011
*880863217240*,AUSTFORM,FP 027 ENJ,,FORM,Enjeux politiques du document numérique,sous la direction de Évelyne Broudoux et Ghislaine Chartron,ADBS éd.,2010,24/11/2011
*880863225400*,AUSTACTU,020 GER,,ORA,Dictionnaire de la désinformation,François Géré,A. Colin,2011,06/12/2011
*880863278012*,AUSTFORM,FP 384.3 BRU,,FORM,"Magasinier principal des bibliothèques, 2e classe","Jérôme Brunet,...",Vuibert,2012,04/04/2012
*880863278036*,AUSTFORM,FP 384.3 CAT C,,FORM,"Magasinier principal des bibliothèques, 2e classe","Jérôme Brunet,...",Vuibert,2012,04/04/2012
*880863283968*,AUSTSOCI,384.3 COM,,DOA,Assistant des bibliothèques,Jérôme Brunet,Vuibert,2011,21/03/2012
*880863300650*,AUSTSOCI,384.3 COM,,DOA,Adjoint territorial du patrimoine,Jérôme Brunet,Vuibert,2011,09/12/2011
*880863329723*,AUSTSOCI,384.3 COM,,DOA,Réussir le CAPES interne de documentation,"Bernard Heizmann, Élodie Royer",SCÉRÉN-CRDP Académie de Lorraine,2011,21/03/2012
*880863415536*,AUSTSOCI,384.3 COM,,DOA,"Magasinier principal des bibliothèques, 2e classe","Jérôme Brunet,...",Vuibert,2012,15/02/2013
*880863426966*,AUSTSOCI,384.3 COM,,DOA,Assistants territoriaux de conservation du patrimoine et des bibliothèques,Pierre Maubé,Groupe Studyrama,2013,27/03/2013
*880863427129*,AUSTSOCI,384.3 COM,,DOA,Réussir le CAPES externe de documentation,"Bernard Heizmann, Élodie Royer",SCÉRÉN-CNDP-CRDP de Lorraine,2012,27/03/2013
*880863477592*,AUSTFORM,FP 384.3 COM,,FORM,Assistants territoriaux de conservation du patrimoine et des bibliothèques,Pierre Maubé,Groupe Studyrama,2013,05/06/2013
*880863504804*,AUSTFORM,FP 025 MET,,FORM,Le métier de bibliothécaire,Association des bibliothécaires de France,Éd. du Cercle de la librairie,2013,26/06/2013
*880863504906*,AUSTSOCI,020 MET,,DOA,Le métier de bibliothécaire,Association des bibliothécaires de France,Éd. du Cercle de la librairie,2013,21/06/2013
*880863546288*,AUSTFORM,FP 384.3 CAT A,,FORM,Préparer le concours de bibliothécaire,"Clotilde Vaissaire-Agard, Françoise Quaire, Alain Patez",Éd. Klog,2013,24/09/2013
*880863557837*,AUSTFORM,FP 384.3 CAT B,,FORM,Assistant territorial (principal) de conservation du patrimoine et des bibliothèques,"Albane Lejeune, Delphine Pointeau",Vuibert,2013,24/09/2013
*880863557849*,AUSTFORM,FP 384.3 CAT B,,FORM,Assistant territorial (principal) de conservation du patrimoine et des bibliothèques,"Albane Lejeune, Delphine Pointeau",Vuibert,2013,24/09/2013
*880863557850*,AUSTFORM,FP 025 MET,,FORM,Le métier de bibliothécaire,Association des bibliothécaires de France,Éd. du Cercle de la librairie,2013,24/09/2013
*880863557862*,AUSTFORM,FP 384.3 CAT B,,FORM,Assistant territorial (principal) de conservation du patrimoine et des bibliothèques,"Albane Lejeune, Delphine Pointeau",Vuibert,2013,24/09/2013
*880863557886*,AUSTFORM,FP 025 MET,,FORM,Le métier de bibliothécaire,Association des bibliothécaires de France,Éd. du Cercle de la librairie,2013,24/09/2013
*880863559542*,AUSTSOCI,384.3 COM,,DOA,Préparer le concours de bibliothécaire,"Clotilde Vaissaire-Agard, Françoise Quaire, Alain Patez",Éd. Klog,2013,12/09/2013
*880863606793*,AUSTSOCI,384.3 COM,,DOA,Préparer le concours de bibliothécaire assistant spécialisé (BibAS) de classe supérieure,"Anne Le Foll, Alain Patez",Éd. Klog,2014,20/02/2015
*880863816863*,AUSTSOCI,020 PUB,,PEA,Publics,,Conseil Général du Bas-Rhin,,21/02/2013
*880863859652*,AUSTSOCI,384.3 COM,,DOA,Assistant territorial (principal) de conservation du patrimoine et des bibliothèques,"Albane Lejeune, Delphine Pointeau",Vuibert,2013,21/08/2013
*880863913186*,AUSTSOCI,020 PUB,,NU,Publics,,Conseil Général du Bas-Rhin,,05/03/2014
*880863914678*,AUSTFORM,FP 384.3 CAT C,,FORM,Adjoint territorial du patrimoine de 1re classe,Pierre Maubé,Groupe Studyrama,2014,14/03/2014
*880863915750*,AUSTSOCI,384.3 COM,,DOA,Adjoint territorial du patrimoine de 1re classe,Pierre Maubé,Groupe Studyrama,2014,14/03/2014
*880863977282*,AUSTFORM,FP 384.3 CAT B,,FORM,Préparer le concours de bibliothécaire assistant spécialisé (BibAs) de classe normale,"Clotilde Vaissaire-Agard, Alain Patez",Éd. Klog,2014,12/12/2014
*880864084082*,AUSTSOCI,384.3 COM,,DOA,Préparer le concours de bibliothécaire assistant spécialisé (BibAs) de classe normale,"Clotilde Vaissaire-Agard, Alain Patez",Éd. Klog,2014,04/11/2014
*880864227517*,AUSTSOCI,020 STA,,DOA,Crépuscule des bibliothèques,Virgile Stark,les Belles lettres,2015,24/07/2015
*880864291802*,AUSTARTS,709.944 PRA,,DVDAD,Coffre précieux,"Mathieu Pradat, réal.",On Stage Production,2013,27/08/2014
*880864695928*,AUSTFORM,FP 384.3 CAT B,,FORM,Préparer le concours de bibliothécaire assistant spécialisé (BibAS) de classe supérieure,"Anne Le Foll, Alain Patez",Éd. Klog,2014,01/04/2015
*880864909286*,AUSTPAT,020 ARC,TPAT,AUT,Revue de la Bibliothèque nationale de France.,dossier sous la direction de Thierry Grillet,Bibliothèque nationale de France,2014,24/03/2016
*880890139354*,LINGOALSA,A 020 JOM,,DVDAD,"L'Ill aux livres, notes d'un voyage dans la Bibliothèque Nationale et Universitaire de Strasbourg",Réalisé par Alain Jomy,Le meilleur des mondes productions,2004,02/08/2012
*880890292763*,LINGODOCA,IDE 4,COMP,DOA,Des bibliothèques pleines de fantômes,Jacques Bonnet,Denoel,2008,16/07/2009
*880890629282*,LINGODOCA,CONC FP 1,TA,DOA,Assistant territorial (qualifié) de conservation du patrimoine et des bibliothèques,"Jean-Yves Thiébault, Françoise Thiébault-Roger",Vuibert,2010,13/04/2011
*880890793790*,LINGOACTU,020 MET,RESE,DOA,Le métier de bibliothécaire,Association des bibliothécaires de France,Éd. du Cercle de la librairie,2013,12/07/2014
*C0000425959*,CEVMAG,020 RIC,,DOA,"Lecture populaire et ouvrière, lecture et travail",Richter,Société d'histoire de la lecture,1998,
*C0000452401*,ILLKDOC,025 DES,BIBPRO,DOA,Les métamorphoses du lecteur,sous la dir. de Christian Jacob,Bibliothèque nationale de France,2002,
*C0000501674*,ILLKDOC,020 MEL,,DOA,La sagesse du bibliothécaire,Michel Melot,l'Oeil neuf éd.,2004,
*C0000542701*,ILLKDOC,020 ECO,,DOA,De bibliotheca,Umberto Eco,l'Échoppe,1986,
*HLOCSET*,,,,,,,,,
*MOD 254974*,AUSTPAT,MOD 254974,MOD,AUT,Le Métier de bibliothécaire,Association des bibliothécaires français,Promodis,1989,06/10/2011
*MOD 254975*,AUSTPAT,MOD 254975,MOD,AUT,Le Métier de bibliothécaire,Association des bibliothécaires français,Promodis,1989,06/10/2011
*MOD 256929 (1)*,AUSTPAT,MOD 256929 (1),MOD,AUT,Histoire des bibliothèques françaises,sous la direction d'André Vernet,Promodis - Editions du Cercle de la librairie,impr. 1989,18/12/2014
*MOD 256929 (2)*,AUSTPAT,MOD 256929 (2),MOD,AUT,Histoire des bibliothèques françaises,"sous la dir. de Claude Jolly,...",Promodis-Éd. du Cercle de la Librairie,impr. 1988,18/12/2014
*MOD 256929 (3)*,AUSTPAT,MOD 256929 (3),MOD,AUT,Histoire des bibliothèques françaises,"sous la dir. de Dominique Varry,...",Promodis-Éd. du Cercle de la librairie,impr. 1991,18/12/2014
*MOD 256929 (4)*,AUSTPAT,MOD 256929 (4),MOD,AUT,Histoire des bibliothèques françaises,"sous la dir. de Martine Poulain,...",Promodis-Éd. du Cercle de la librairie,impr. 1992,18/12/2014
*MOD 256968*,AUSTPAT,MOD 256968,MOD,AUT,"Livres pillés, lectures surveillées",Martine Poulain,Gallimard,2013,05/03/2015
*MOD 257040*,AUSTPAT,MOD 257040,MOD,AUT,Mémoires d'une bibliothécaire,Brigitte Sibertin-Blanc Durand,"Confluences, les Amis de la bibliothèque municipale de Compiègne",2004,08/08/2015
,,,,,,,Société historique de Compiègne,,
*MOD 257046*,AUSTPAT,MOD 257046,MOD,AUT,De bibliotheca,Umberto Eco,l'Échoppe,1986,11/08/2015
